dataset,primary_dataset,minp_gev,maxp_gev,depth,nfiles_total,nfiles_read,nlumis,events_tried,events_passed,events_stored,efficiency,efficiency_err,only_filter_is_cosmicInTracker,status
/CosmicToMu_Par-MinP-10-MaxP-10000-MinTheta-91-MaxTheta-179_cosmuogen/RunIII2024Summer24DR-140X_mcRun3_2024cosmics_realistic_deco_v14-v2/GEN-SIM-RECO,CosmicToMu_Par-MinP-10-MaxP-10000-MinTheta-91-MaxTheta-179_cosmuogen,10,10000,none,1037,5,480,3588480,47196,47196,0.01315209,0.00006014,yes,ok
/CosmicToMu_Par-MinP-1000-MinTheta-91-MaxTheta-179-SurfaceDepth-e2_cosmuogen/RunIII2024Summer24DR-140X_mcRun3_2024cosmics_realistic_deco_v14-v1/GEN-SIM-RECO,CosmicToMu_Par-MinP-1000-MinTheta-91-MaxTheta-179-SurfaceDepth-e2_cosmuogen,1000,,e2,23,5,55,4064225,55179,55179,0.01357676,0.00005740,yes,ok
/CosmicToMu_Par-MinP-1000-MinTheta-91-MaxTheta-179-SurfaceDepth-e3_cosmuogen/RunIII2024Summer24DR-140X_mcRun3_2024cosmics_realistic_deco_v14-v1/GEN-SIM-RECO,CosmicToMu_Par-MinP-1000-MinTheta-91-MaxTheta-179-SurfaceDepth-e3_cosmuogen,1000,,e3,23,5,55,4060760,54752,54752,0.01348319,0.00005723,yes,ok
/CosmicToMu_Par-MinP-1000-MinTheta-91-MaxTheta-179-SurfaceDepth-e4_cosmuogen/RunIII2024Summer24DR-140X_mcRun3_2024cosmics_realistic_deco_v14-v1/GEN-SIM-RECO,CosmicToMu_Par-MinP-1000-MinTheta-91-MaxTheta-179-SurfaceDepth-e4_cosmuogen,1000,,e4,24,5,55,4096070,54023,54023,0.01318898,0.00005637,yes,ok
/CosmicToMu_Par-MinP-1000-MinTheta-91-MaxTheta-179-SurfaceDepth-e5_cosmuogen/RunIII2024Summer24DR-140X_mcRun3_2024cosmics_realistic_deco_v14-v2/GEN-SIM-RECO,CosmicToMu_Par-MinP-1000-MinTheta-91-MaxTheta-179-SurfaceDepth-e5_cosmuogen,1000,,e5,25,5,421,2973992,39298,39298,0.01321389,0.00006622,yes,ok
/CosmicToMu_Par-MinP-1000-MinTheta-91-MaxTheta-179_cosmuogen/RunIII2024Summer24DR-140X_mcRun3_2024cosmics_realistic_deco_v14-v2/GEN-SIM-RECO,CosmicToMu_Par-MinP-1000-MinTheta-91-MaxTheta-179_cosmuogen,1000,,none,24,5,55,3324090,54775,54775,0.01647819,0.00006982,yes,ok
/CosmicToMu_Par-MinP-10000-MinTheta-91-MaxTheta-179-SurfaceDepth-e2_cosmuogen/RunIII2024Summer24DR-140X_mcRun3_2024cosmics_realistic_deco_v14-v2/GEN-SIM-RECO,CosmicToMu_Par-MinP-10000-MinTheta-91-MaxTheta-179-SurfaceDepth-e2_cosmuogen,10000,,e2,28,5,45,3576600,48299,48299,0.01350417,0.00006103,yes,ok
/CosmicToMu_Par-MinP-10000-MinTheta-91-MaxTheta-179-SurfaceDepth-e3_cosmuogen/RunIII2024Summer24DR-140X_mcRun3_2024cosmics_realistic_deco_v14-v2/GEN-SIM-RECO,CosmicToMu_Par-MinP-10000-MinTheta-91-MaxTheta-179-SurfaceDepth-e3_cosmuogen,10000,,e3,26,5,50,3965900,53427,53427,0.01347160,0.00005789,yes,ok
/CosmicToMu_Par-MinP-10000-MinTheta-91-MaxTheta-179-SurfaceDepth-e4_cosmuogen/RunIII2024Summer24DR-140X_mcRun3_2024cosmics_realistic_deco_v14-v2/GEN-SIM-RECO,CosmicToMu_Par-MinP-10000-MinTheta-91-MaxTheta-179-SurfaceDepth-e4_cosmuogen,10000,,e4,42,5,30,2692560,35929,35929,0.01334381,0.00006993,yes,ok
/CosmicToMu_Par-MinP-10000-MinTheta-91-MaxTheta-179-SurfaceDepth-e5_cosmuogen/RunIII2024Summer24DR-140X_mcRun3_2024cosmics_realistic_deco_v14-v2/GEN-SIM-RECO,CosmicToMu_Par-MinP-10000-MinTheta-91-MaxTheta-179-SurfaceDepth-e5_cosmuogen,10000,,e5,23,5,53,3961999,52875,52875,0.01334554,0.00005765,yes,ok
/CosmicToMu_Par-MinP-10000-MinTheta-91-MaxTheta-179-SurfaceDepth-e6_cosmuogen/RunIII2024Summer24DR-140X_mcRun3_2024cosmics_realistic_deco_v14-v1/GEN-SIM-RECO,CosmicToMu_Par-MinP-10000-MinTheta-91-MaxTheta-179-SurfaceDepth-e6_cosmuogen,10000,,e6,38,5,316,2188471,29763,29763,0.01359991,0.00007829,yes,ok
/CosmicToMu_Par-MinP-10000-MinTheta-91-MaxTheta-179_cosmuogen/RunIII2024Summer24DR-140X_mcRun3_2024cosmics_realistic_deco_v14-v1/GEN-SIM-RECO,CosmicToMu_Par-MinP-10000-MinTheta-91-MaxTheta-179_cosmuogen,10000,,none,26,5,48,3689093,50029,50029,0.01356133,0.00006022,yes,ok
/CosmicToMu_Par-MinP-1100-MinTheta-91-MaxTheta-179_cosmuogen/RunIII2024Summer24DR-140X_mcRun3_2024cosmics_realistic_deco_v14-v2/GEN-SIM-RECO,CosmicToMu_Par-MinP-1100-MinTheta-91-MaxTheta-179_cosmuogen,1100,,none,23,5,53,3151074,51881,51881,0.01646455,0.00007169,yes,ok
/CosmicToMu_Par-MinP-1200-MinTheta-91-MaxTheta-179_cosmuogen/RunIII2024Summer24DR-140X_mcRun3_2024cosmics_realistic_deco_v14-v2/GEN-SIM-RECO,CosmicToMu_Par-MinP-1200-MinTheta-91-MaxTheta-179_cosmuogen,1200,,none,23,5,55,3286910,55197,55197,0.01679298,0.00007087,yes,ok
/CosmicToMu_Par-MinP-12500-MinTheta-91-MaxTheta-179_cosmuogen/RunIII2024Summer24DR-140X_mcRun3_2024cosmics_realistic_deco_v14-v2/GEN-SIM-RECO,CosmicToMu_Par-MinP-12500-MinTheta-91-MaxTheta-179_cosmuogen,12500,,none,26,5,41,2852490,38719,38719,0.01357375,0.00006851,yes,ok
/CosmicToMu_Par-MinP-1300-MinTheta-91-MaxTheta-179_cosmuogen/RunIII2024Summer24DR-140X_mcRun3_2024cosmics_realistic_deco_v14-v2/GEN-SIM-RECO,CosmicToMu_Par-MinP-1300-MinTheta-91-MaxTheta-179_cosmuogen,1300,,none,24,5,45,2609838,43485,43485,0.01666195,0.00007923,yes,ok
/CosmicToMu_Par-MinP-1400-MinTheta-91-MaxTheta-179_cosmuogen/RunIII2024Summer24DR-140X_mcRun3_2024cosmics_realistic_deco_v14-v2/GEN-SIM-RECO,CosmicToMu_Par-MinP-1400-MinTheta-91-MaxTheta-179_cosmuogen,1400,,none,23,5,55,3263590,55019,55019,0.01685843,0.00007126,yes,ok
/CosmicToMu_Par-MinP-1500-MinTheta-91-MaxTheta-179-SurfaceDepth-e2_cosmuogen/RunIII2024Summer24DR-140X_mcRun3_2024cosmics_realistic_deco_v14-v1/GEN-SIM-RECO,CosmicToMu_Par-MinP-1500-MinTheta-91-MaxTheta-179-SurfaceDepth-e2_cosmuogen,1500,,e2,24,5,52,3896776,52819,52819,0.01355454,0.00005858,yes,ok
/CosmicToMu_Par-MinP-1500-MinTheta-91-MaxTheta-179-SurfaceDepth-e3_cosmuogen/RunIII2024Summer24DR-140X_mcRun3_2024cosmics_realistic_deco_v14-v1/GEN-SIM-RECO,CosmicToMu_Par-MinP-1500-MinTheta-91-MaxTheta-179-SurfaceDepth-e3_cosmuogen,1500,,e3,24,5,55,4074785,54878,54878,0.01346770,0.00005710,yes,ok
/CosmicToMu_Par-MinP-1500-MinTheta-91-MaxTheta-179-SurfaceDepth-e4_cosmuogen/RunIII2024Summer24DR-140X_mcRun3_2024cosmics_realistic_deco_v14-v1/GEN-SIM-RECO,CosmicToMu_Par-MinP-1500-MinTheta-91-MaxTheta-179-SurfaceDepth-e4_cosmuogen,1500,,e4,23,5,55,4154150,55499,55499,0.01335989,0.00005633,yes,ok
/CosmicToMu_Par-MinP-1500-MinTheta-91-MaxTheta-179-SurfaceDepth-e5_cosmuogen/RunIII2024Summer24DR-140X_mcRun3_2024cosmics_realistic_deco_v14-v2/GEN-SIM-RECO,CosmicToMu_Par-MinP-1500-MinTheta-91-MaxTheta-179-SurfaceDepth-e5_cosmuogen,1500,,e5,25,5,515,3930480,52307,52307,0.01330804,0.00005780,yes,ok
/CosmicToMu_Par-MinP-1500-MinTheta-91-MaxTheta-179-SurfaceDepth-e6_cosmuogen/RunIII2024Summer24DR-140X_mcRun3_2024cosmics_realistic_deco_v14-v1/GEN-SIM-RECO,CosmicToMu_Par-MinP-1500-MinTheta-91-MaxTheta-179-SurfaceDepth-e6_cosmuogen,1500,,e6,44,5,95,808830,10872,10872,0.01344164,0.00012804,yes,ok
/CosmicToMu_Par-MinP-1500-MinTheta-91-MaxTheta-179_cosmuogen/RunIII2024Summer24DR-140X_mcRun3_2024cosmics_realistic_deco_v14-v2/GEN-SIM-RECO,CosmicToMu_Par-MinP-1500-MinTheta-91-MaxTheta-179_cosmuogen,1500,,none,23,5,53,3103855,52616,52616,0.01695182,0.00007327,yes,ok
/CosmicToMu_Par-MinP-15000-MinTheta-91-MaxTheta-179_cosmuogen/RunIII2024Summer24DR-140X_mcRun3_2024cosmics_realistic_deco_v14-v2/GEN-SIM-RECO,CosmicToMu_Par-MinP-15000-MinTheta-91-MaxTheta-179_cosmuogen,15000,,none,26,5,50,3672300,49645,49645,0.01351878,0.00006026,yes,ok
/CosmicToMu_Par-MinP-1600-MinTheta-91-MaxTheta-179_cosmuogen/RunIII2024Summer24DR-140X_mcRun3_2024cosmics_realistic_deco_v14-v2/GEN-SIM-RECO,CosmicToMu_Par-MinP-1600-MinTheta-91-MaxTheta-179_cosmuogen,1600,,none,24,5,55,3220855,55222,55222,0.01714514,0.00007233,yes,ok
/CosmicToMu_Par-MinP-1700-MinTheta-91-MaxTheta-179_cosmuogen/RunIII2024Summer24DR-140X_mcRun3_2024cosmics_realistic_deco_v14-v1/GEN-SIM-RECO,CosmicToMu_Par-MinP-1700-MinTheta-91-MaxTheta-179_cosmuogen,1700,,none,24,5,45,2569535,44805,44805,0.01743701,0.00008166,yes,ok
/CosmicToMu_Par-MinP-17500-MinTheta-91-MaxTheta-179_cosmuogen/RunIII2024Summer24DR-140X_mcRun3_2024cosmics_realistic_deco_v14-v2/GEN-SIM-RECO,CosmicToMu_Par-MinP-17500-MinTheta-91-MaxTheta-179_cosmuogen,17500,,none,23,5,55,4015055,54445,54445,0.01356021,0.00005772,yes,ok
/CosmicToMu_Par-MinP-1800-MinTheta-91-MaxTheta-179_cosmuogen/RunIII2024Summer24DR-140X_mcRun3_2024cosmics_realistic_deco_v14-v2/GEN-SIM-RECO,CosmicToMu_Par-MinP-1800-MinTheta-91-MaxTheta-179_cosmuogen,1800,,none,24,5,50,2843650,49004,49004,0.01723278,0.00007717,yes,ok
/CosmicToMu_Par-MinP-1900-MinTheta-91-MaxTheta-179_cosmuogen/RunIII2024Summer24DR-140X_mcRun3_2024cosmics_realistic_deco_v14-v2/GEN-SIM-RECO,CosmicToMu_Par-MinP-1900-MinTheta-91-MaxTheta-179_cosmuogen,1900,,none,24,5,55,3192585,55648,55648,0.01743039,0.00007324,yes,ok
/CosmicToMu_Par-MinP-2000-MinTheta-91-MaxTheta-179-SurfaceDepth-e2_cosmuogen/RunIII2024Summer24DR-140X_mcRun3_2024cosmics_realistic_deco_v14-v1/GEN-SIM-RECO,CosmicToMu_Par-MinP-2000-MinTheta-91-MaxTheta-179-SurfaceDepth-e2_cosmuogen,2000,,e2,23,5,53,3899915,52930,52930,0.01357209,0.00005859,yes,ok
/CosmicToMu_Par-MinP-2000-MinTheta-91-MaxTheta-179-SurfaceDepth-e3_cosmuogen/RunIII2024Summer24DR-140X_mcRun3_2024cosmics_realistic_deco_v14-v2/GEN-SIM-RECO,CosmicToMu_Par-MinP-2000-MinTheta-91-MaxTheta-179-SurfaceDepth-e3_cosmuogen,2000,,e3,18,5,70,5015360,67800,67800,0.01351847,0.00005157,yes,ok
/CosmicToMu_Par-MinP-2000-MinTheta-91-MaxTheta-179-SurfaceDepth-e4_cosmuogen/RunIII2024Summer24DR-140X_mcRun3_2024cosmics_realistic_deco_v14-v2/GEN-SIM-RECO,CosmicToMu_Par-MinP-2000-MinTheta-91-MaxTheta-179-SurfaceDepth-e4_cosmuogen,2000,,e4,20,5,65,4650945,61900,61900,0.01330912,0.00005314,yes,ok
/CosmicToMu_Par-MinP-2000-MinTheta-91-MaxTheta-179-SurfaceDepth-e5_cosmuogen/RunIII2024Summer24DR-140X_mcRun3_2024cosmics_realistic_deco_v14-v2/GEN-SIM-RECO,CosmicToMu_Par-MinP-2000-MinTheta-91-MaxTheta-179-SurfaceDepth-e5_cosmuogen,2000,,e5,23,5,55,4343845,57721,57721,0.01328800,0.00005494,yes,ok
/CosmicToMu_Par-MinP-2000-MinTheta-91-MaxTheta-179-SurfaceDepth-e6_cosmuogen/RunIII2024Summer24DR-140X_mcRun3_2024cosmics_realistic_deco_v14-v1/GEN-SIM-RECO,CosmicToMu_Par-MinP-2000-MinTheta-91-MaxTheta-179-SurfaceDepth-e6_cosmuogen,2000,,e6,47,5,182,1547364,20831,20831,0.01346225,0.00009264,yes,ok
/CosmicToMu_Par-MinP-2000-MinTheta-91-MaxTheta-179_cosmuogen/RunIII2024Summer24DR-140X_mcRun3_2024cosmics_realistic_deco_v14-v2/GEN-SIM-RECO,CosmicToMu_Par-MinP-2000-MinTheta-91-MaxTheta-179_cosmuogen,2000,,none,23,5,55,3173280,54998,54998,0.01733159,0.00007326,yes,ok
/CosmicToMu_Par-MinP-20000-MinTheta-91-MaxTheta-179-SurfaceDepth-e2_cosmuogen/RunIII2024Summer24DR-140X_mcRun3_2024cosmics_realistic_deco_v14-v2/GEN-SIM-RECO,CosmicToMu_Par-MinP-20000-MinTheta-91-MaxTheta-179-SurfaceDepth-e2_cosmuogen,20000,,e2,51,5,25,1988500,26997,26997,0.01357657,0.00008207,yes,ok
/CosmicToMu_Par-MinP-20000-MinTheta-91-MaxTheta-179-SurfaceDepth-e3_cosmuogen/RunIII2024Summer24DR-140X_mcRun3_2024cosmics_realistic_deco_v14-v2/GEN-SIM-RECO,CosmicToMu_Par-MinP-20000-MinTheta-91-MaxTheta-179-SurfaceDepth-e3_cosmuogen,20000,,e3,23,5,55,4267835,57809,57809,0.01354528,0.00005595,yes,ok
/CosmicToMu_Par-MinP-20000-MinTheta-91-MaxTheta-179-SurfaceDepth-e4_cosmuogen/RunIII2024Summer24DR-140X_mcRun3_2024cosmics_realistic_deco_v14-v1/GEN-SIM-RECO,CosmicToMu_Par-MinP-20000-MinTheta-91-MaxTheta-179-SurfaceDepth-e4_cosmuogen,20000,,e4,29,5,39,2926053,39041,39041,0.01334255,0.00006708,yes,ok
/CosmicToMu_Par-MinP-20000-MinTheta-91-MaxTheta-179-SurfaceDepth-e5_cosmuogen/RunIII2024Summer24DR-140X_mcRun3_2024cosmics_realistic_deco_v14-v2/GEN-SIM-RECO,CosmicToMu_Par-MinP-20000-MinTheta-91-MaxTheta-179-SurfaceDepth-e5_cosmuogen,20000,,e5,27,5,45,3708450,49544,49544,0.01335976,0.00005962,yes,ok
/CosmicToMu_Par-MinP-20000-MinTheta-91-MaxTheta-179-SurfaceDepth-e6_cosmuogen/RunIII2024Summer24DR-140X_mcRun3_2024cosmics_realistic_deco_v14-v1/GEN-SIM-RECO,CosmicToMu_Par-MinP-20000-MinTheta-91-MaxTheta-179-SurfaceDepth-e6_cosmuogen,20000,,e6,35,5,410,3105750,42111,42111,0.01355904,0.00006562,yes,ok
/CosmicToMu_Par-MinP-20000-MinTheta-91-MaxTheta-179_cosmuogen/RunIII2024Summer24DR-140X_mcRun3_2024cosmics_realistic_deco_v14-v2/GEN-SIM-RECO,CosmicToMu_Par-MinP-20000-MinTheta-91-MaxTheta-179_cosmuogen,20000,,none,32,5,40,3158600,42939,42939,0.01359431,0.00006516,yes,ok
/CosmicToMu_Par-MinP-2100-MinTheta-91-MaxTheta-179_cosmuogen/RunIII2024Summer24DR-140X_mcRun3_2024cosmics_realistic_deco_v14-v2/GEN-SIM-RECO,CosmicToMu_Par-MinP-2100-MinTheta-91-MaxTheta-179_cosmuogen,2100,,none,24,5,55,3145175,54922,54922,0.01746230,0.00007386,yes,ok
/CosmicToMu_Par-MinP-2200-MinTheta-91-MaxTheta-179_cosmuogen/RunIII2024Summer24DR-140X_mcRun3_2024cosmics_realistic_deco_v14-v2/GEN-SIM-RECO,CosmicToMu_Par-MinP-2200-MinTheta-91-MaxTheta-179_cosmuogen,2200,,none,23,5,55,3147760,55196,55196,0.01753501,0.00007398,yes,ok
/CosmicToMu_Par-MinP-22500-MinTheta-91-MaxTheta-179_cosmuogen/RunIII2024Summer24DR-140X_mcRun3_2024cosmics_realistic_deco_v14-v1/GEN-SIM-RECO,CosmicToMu_Par-MinP-22500-MinTheta-91-MaxTheta-179_cosmuogen,22500,,none,35,5,278,2241792,30242,30242,0.01349010,0.00007705,yes,ok
/CosmicToMu_Par-MinP-2300-MinTheta-91-MaxTheta-179_cosmuogen/RunIII2024Summer24DR-140X_mcRun3_2024cosmics_realistic_deco_v14-v2/GEN-SIM-RECO,CosmicToMu_Par-MinP-2300-MinTheta-91-MaxTheta-179_cosmuogen,2300,,none,24,5,55,3121140,55126,55126,0.01766214,0.00007456,yes,ok
/CosmicToMu_Par-MinP-2400-MinTheta-91-MaxTheta-179_cosmuogen/RunIII2024Summer24DR-140X_mcRun3_2024cosmics_realistic_deco_v14-v2/GEN-SIM-RECO,CosmicToMu_Par-MinP-2400-MinTheta-91-MaxTheta-179_cosmuogen,2400,,none,24,5,55,3130765,55369,55369,0.01768545,0.00007449,yes,ok
/CosmicToMu_Par-MinP-2500-MinTheta-91-MaxTheta-179-SurfaceDepth-e2_cosmuogen/RunIII2024Summer24DR-140X_mcRun3_2024cosmics_realistic_deco_v14-v1/GEN-SIM-RECO,CosmicToMu_Par-MinP-2500-MinTheta-91-MaxTheta-179-SurfaceDepth-e2_cosmuogen,2500,,e2,23,5,60,4266780,57522,57522,0.01348136,0.00005583,yes,ok
/CosmicToMu_Par-MinP-2500-MinTheta-91-MaxTheta-179-SurfaceDepth-e3_cosmuogen/RunIII2024Summer24DR-140X_mcRun3_2024cosmics_realistic_deco_v14-v2/GEN-SIM-RECO,CosmicToMu_Par-MinP-2500-MinTheta-91-MaxTheta-179-SurfaceDepth-e3_cosmuogen,2500,,e3,20,5,56,3922223,52527,52527,0.01339215,0.00005804,yes,ok
/CosmicToMu_Par-MinP-2500-MinTheta-91-MaxTheta-179-SurfaceDepth-e4_cosmuogen/RunIII2024Summer24DR-140X_mcRun3_2024cosmics_realistic_deco_v14-v1/GEN-SIM-RECO,CosmicToMu_Par-MinP-2500-MinTheta-91-MaxTheta-179-SurfaceDepth-e4_cosmuogen,2500,,e4,23,5,55,4237145,56477,56477,0.01332902,0.00005571,yes,ok
/CosmicToMu_Par-MinP-2500-MinTheta-91-MaxTheta-179-SurfaceDepth-e5_cosmuogen/RunIII2024Summer24DR-140X_mcRun3_2024cosmics_realistic_deco_v14-v2/GEN-SIM-RECO,CosmicToMu_Par-MinP-2500-MinTheta-91-MaxTheta-179-SurfaceDepth-e5_cosmuogen,2500,,e5,23,5,55,4152005,54854,54854,0.01321145,0.00005603,yes,ok
/CosmicToMu_Par-MinP-2500-MinTheta-91-MaxTheta-179-SurfaceDepth-e6_cosmuogen/RunIII2024Summer24DR-140X_mcRun3_2024cosmics_realistic_deco_v14-v1/GEN-SIM-RECO,CosmicToMu_Par-MinP-2500-MinTheta-91-MaxTheta-179-SurfaceDepth-e6_cosmuogen,2500,,e6,43,5,146,1178658,15807,15807,0.01341101,0.00010595,yes,ok
/CosmicToMu_Par-MinP-2500-MinTheta-91-MaxTheta-179_cosmuogen/RunIII2024Summer24DR-140X_mcRun3_2024cosmics_realistic_deco_v14-v3/GEN-SIM-RECO,CosmicToMu_Par-MinP-2500-MinTheta-91-MaxTheta-179_cosmuogen,2500,,none,19,5,65,3825315,67640,67640,0.01768220,0.00006738,yes,ok
/CosmicToMu_Par-MinP-25000-MinTheta-91-MaxTheta-179_cosmuogen/RunIII2024Summer24DR-140X_mcRun3_2024cosmics_realistic_deco_v14-v2/GEN-SIM-RECO,CosmicToMu_Par-MinP-25000-MinTheta-91-MaxTheta-179_cosmuogen,25000,,none,41,5,30,2061960,27858,27858,0.01351045,0.00008040,yes,ok
/CosmicToMu_Par-MinP-2600-MinTheta-91-MaxTheta-179_cosmuogen/RunIII2024Summer24DR-140X_mcRun3_2024cosmics_realistic_deco_v14-v2/GEN-SIM-RECO,CosmicToMu_Par-MinP-2600-MinTheta-91-MaxTheta-179_cosmuogen,2600,,none,24,5,55,3155845,56269,56269,0.01783009,0.00007449,yes,ok
/CosmicToMu_Par-MinP-2700-MinTheta-91-MaxTheta-179_cosmuogen/RunIII2024Summer24DR-140X_mcRun3_2024cosmics_realistic_deco_v14-v2/GEN-SIM-RECO,CosmicToMu_Par-MinP-2700-MinTheta-91-MaxTheta-179_cosmuogen,2700,,none,22,5,55,3091715,55187,55187,0.01784996,0.00007530,yes,ok
/CosmicToMu_Par-MinP-27500-MinTheta-91-MaxTheta-179_cosmuogen/RunIII2024Summer24DR-140X_mcRun3_2024cosmics_realistic_deco_v14-v2/GEN-SIM-RECO,CosmicToMu_Par-MinP-27500-MinTheta-91-MaxTheta-179_cosmuogen,27500,,none,41,5,30,2160690,29322,29322,0.01357066,0.00007871,yes,ok
/CosmicToMu_Par-MinP-2800-MinTheta-91-MaxTheta-179_cosmuogen/RunIII2024Summer24DR-140X_mcRun3_2024cosmics_realistic_deco_v14-v3/GEN-SIM-RECO,CosmicToMu_Par-MinP-2800-MinTheta-91-MaxTheta-179_cosmuogen,2800,,none,20,5,56,3070482,54987,54987,0.01790826,0.00007568,yes,ok
/CosmicToMu_Par-MinP-2900-MinTheta-91-MaxTheta-179_cosmuogen/RunIII2024Summer24DR-140X_mcRun3_2024cosmics_realistic_deco_v14-v2/GEN-SIM-RECO,CosmicToMu_Par-MinP-2900-MinTheta-91-MaxTheta-179_cosmuogen,2900,,none,24,5,55,3108435,55967,55967,0.01800488,0.00007542,yes,ok
/CosmicToMu_Par-MinP-3000-MinTheta-91-MaxTheta-179-SurfaceDepth-e2_cosmuogen/RunIII2024Summer24DR-140X_mcRun3_2024cosmics_realistic_deco_v14-v2/GEN-SIM-RECO,CosmicToMu_Par-MinP-3000-MinTheta-91-MaxTheta-179-SurfaceDepth-e2_cosmuogen,3000,,e2,20,5,65,4711525,64016,64016,0.01358711,0.00005333,yes,ok
/CosmicToMu_Par-MinP-3000-MinTheta-91-MaxTheta-179-SurfaceDepth-e3_cosmuogen/RunIII2024Summer24DR-140X_mcRun3_2024cosmics_realistic_deco_v14-v1/GEN-SIM-RECO,CosmicToMu_Par-MinP-3000-MinTheta-91-MaxTheta-179-SurfaceDepth-e3_cosmuogen,3000,,e3,24,5,55,4027430,54210,54210,0.01346020,0.00005742,yes,ok
/CosmicToMu_Par-MinP-3000-MinTheta-91-MaxTheta-179-SurfaceDepth-e4_cosmuogen/RunIII2024Summer24DR-140X_mcRun3_2024cosmics_realistic_deco_v14-v1/GEN-SIM-RECO,CosmicToMu_Par-MinP-3000-MinTheta-91-MaxTheta-179-SurfaceDepth-e4_cosmuogen,3000,,e4,24,5,52,3953508,53081,53081,0.01342630,0.00005788,yes,ok
/CosmicToMu_Par-MinP-3000-MinTheta-91-MaxTheta-179-SurfaceDepth-e5_cosmuogen/RunIII2024Summer24DR-140X_mcRun3_2024cosmics_realistic_deco_v14-v2/GEN-SIM-RECO,CosmicToMu_Par-MinP-3000-MinTheta-91-MaxTheta-179-SurfaceDepth-e5_cosmuogen,3000,,e5,23,5,55,4037660,53771,53771,0.01331737,0.00005705,yes,ok
/CosmicToMu_Par-MinP-3000-MinTheta-91-MaxTheta-179-SurfaceDepth-e6_cosmuogen/RunIII2024Summer24DR-140X_mcRun3_2024cosmics_realistic_deco_v14-v1/GEN-SIM-RECO,CosmicToMu_Par-MinP-3000-MinTheta-91-MaxTheta-179-SurfaceDepth-e6_cosmuogen,3000,,e6,45,5,47,367540,5017,5017,0.01365021,0.00019140,yes,ok
/CosmicToMu_Par-MinP-3000-MinTheta-91-MaxTheta-179_cosmuogen/RunIII2024Summer24DR-140X_mcRun3_2024cosmics_realistic_deco_v14-v2/GEN-SIM-RECO,CosmicToMu_Par-MinP-3000-MinTheta-91-MaxTheta-179_cosmuogen,3000,,none,23,5,52,2930408,53037,53037,0.01809884,0.00007787,yes,ok
/CosmicToMu_Par-MinP-30000-MinTheta-91-MaxTheta-179-SurfaceDepth-e2_cosmuogen/RunIII2024Summer24DR-140X_mcRun3_2024cosmics_realistic_deco_v14-v2/GEN-SIM-RECO,CosmicToMu_Par-MinP-30000-MinTheta-91-MaxTheta-179-SurfaceDepth-e2_cosmuogen,30000,,e2,27,5,44,3169919,42718,42718,0.01347605,0.00006476,yes,ok
/CosmicToMu_Par-MinP-30000-MinTheta-91-MaxTheta-179-SurfaceDepth-e3_cosmuogen/RunIII2024Summer24DR-140X_mcRun3_2024cosmics_realistic_deco_v14-v2/GEN-SIM-RECO,CosmicToMu_Par-MinP-30000-MinTheta-91-MaxTheta-179-SurfaceDepth-e3_cosmuogen,30000,,e3,36,5,31,2058027,27724,27724,0.01347115,0.00008036,yes,ok
/CosmicToMu_Par-MinP-30000-MinTheta-91-MaxTheta-179-SurfaceDepth-e4_cosmuogen/RunIII2024Summer24DR-140X_mcRun3_2024cosmics_realistic_deco_v14-v2/GEN-SIM-RECO,CosmicToMu_Par-MinP-30000-MinTheta-91-MaxTheta-179-SurfaceDepth-e4_cosmuogen,30000,,e4,40,5,29,1818196,24173,24173,0.01329505,0.00008494,yes,ok
/CosmicToMu_Par-MinP-30000-MinTheta-91-MaxTheta-179-SurfaceDepth-e5_cosmuogen/RunIII2024Summer24DR-140X_mcRun3_2024cosmics_realistic_deco_v14-v1/GEN-SIM-RECO,CosmicToMu_Par-MinP-30000-MinTheta-91-MaxTheta-179-SurfaceDepth-e5_cosmuogen,30000,,e5,25,5,515,3343895,44288,44288,0.01324444,0.00006252,yes,ok
/CosmicToMu_Par-MinP-30000-MinTheta-91-MaxTheta-179-SurfaceDepth-e6_cosmuogen/RunIII2024Summer24DR-140X_mcRun3_2024cosmics_realistic_deco_v14-v1/GEN-SIM-RECO,CosmicToMu_Par-MinP-30000-MinTheta-91-MaxTheta-179-SurfaceDepth-e6_cosmuogen,30000,,e6,39,5,283,1992886,27008,27008,0.01355221,0.00008190,yes,ok
/CosmicToMu_Par-MinP-30000-MinTheta-91-MaxTheta-179_cosmuogen/RunIII2024Summer24DR-140X_mcRun3_2024cosmics_realistic_deco_v14-v2/GEN-SIM-RECO,CosmicToMu_Par-MinP-30000-MinTheta-91-MaxTheta-179_cosmuogen,30000,,none,27,5,45,3134655,42558,42558,0.01357661,0.00006536,yes,ok
/CosmicToMu_Par-MinP-3250-MinTheta-91-MaxTheta-179_cosmuogen/RunIII2024Summer24DR-140X_mcRun3_2024cosmics_realistic_deco_v14-v2/GEN-SIM-RECO,CosmicToMu_Par-MinP-3250-MinTheta-91-MaxTheta-179_cosmuogen,3250,,none,24,5,45,2469764,44689,44689,0.01809444,0.00008482,yes,ok
/CosmicToMu_Par-MinP-32500-MinTheta-91-MaxTheta-179_cosmuogen/RunIII2024Summer24DR-140X_mcRun3_2024cosmics_realistic_deco_v14-v2/GEN-SIM-RECO,CosmicToMu_Par-MinP-32500-MinTheta-91-MaxTheta-179_cosmuogen,32500,,none,37,5,39,2468349,33543,33543,0.01358925,0.00007369,yes,ok
/CosmicToMu_Par-MinP-3500-MinTheta-91-MaxTheta-179-SurfaceDepth-e2_cosmuogen/RunIII2024Summer24DR-140X_mcRun3_2024cosmics_realistic_deco_v14-v1/GEN-SIM-RECO,CosmicToMu_Par-MinP-3500-MinTheta-91-MaxTheta-179-SurfaceDepth-e2_cosmuogen,3500,,e2,24,5,55,4084850,55399,55399,0.01356206,0.00005723,yes,ok
/CosmicToMu_Par-MinP-3500-MinTheta-91-MaxTheta-179-SurfaceDepth-e3_cosmuogen/RunIII2024Summer24DR-140X_mcRun3_2024cosmics_realistic_deco_v14-v1/GEN-SIM-RECO,CosmicToMu_Par-MinP-3500-MinTheta-91-MaxTheta-179-SurfaceDepth-e3_cosmuogen,3500,,e3,24,5,47,3377343,45670,45670,0.01352246,0.00006285,yes,ok
/CosmicToMu_Par-MinP-3500-MinTheta-91-MaxTheta-179-SurfaceDepth-e4_cosmuogen/RunIII2024Summer24DR-140X_mcRun3_2024cosmics_realistic_deco_v14-v1/GEN-SIM-RECO,CosmicToMu_Par-MinP-3500-MinTheta-91-MaxTheta-179-SurfaceDepth-e4_cosmuogen,3500,,e4,24,5,55,4167295,55624,55624,0.01334775,0.00005622,yes,ok
/CosmicToMu_Par-MinP-3500-MinTheta-91-MaxTheta-179-SurfaceDepth-e5_cosmuogen/RunIII2024Summer24DR-140X_mcRun3_2024cosmics_realistic_deco_v14-v2/GEN-SIM-RECO,CosmicToMu_Par-MinP-3500-MinTheta-91-MaxTheta-179-SurfaceDepth-e5_cosmuogen,3500,,e5,23,5,55,4185500,55520,55520,0.01326484,0.00005592,yes,ok
/CosmicToMu_Par-MinP-3500-MinTheta-91-MaxTheta-179-SurfaceDepth-e6_cosmuogen/RunIII2024Summer24DR-140X_mcRun3_2024cosmics_realistic_deco_v14-v1/GEN-SIM-RECO,CosmicToMu_Par-MinP-3500-MinTheta-91-MaxTheta-179-SurfaceDepth-e6_cosmuogen,3500,,e6,40,5,172,1323196,17991,17991,0.01359663,0.00010068,yes,ok
/CosmicToMu_Par-MinP-3500-MinTheta-91-MaxTheta-179_cosmuogen/RunIII2024Summer24DR-140X_mcRun3_2024cosmics_realistic_deco_v14-v2/GEN-SIM-RECO,CosmicToMu_Par-MinP-3500-MinTheta-91-MaxTheta-179_cosmuogen,3500,,none,24,5,55,3030885,55036,55036,0.01815839,0.00007670,yes,ok
/CosmicToMu_Par-MinP-35000-MinTheta-91-MaxTheta-179_cosmuogen/RunIII2024Summer24DR-140X_mcRun3_2024cosmics_realistic_deco_v14-v2/GEN-SIM-RECO,CosmicToMu_Par-MinP-35000-MinTheta-91-MaxTheta-179_cosmuogen,35000,,none,37,5,25,1436775,19470,19470,0.01355118,0.00009646,yes,ok
/CosmicToMu_Par-MinP-3750-MinTheta-91-MaxTheta-179_cosmuogen/RunIII2024Summer24DR-140X_mcRun3_2024cosmics_realistic_deco_v14-v3/GEN-SIM-RECO,CosmicToMu_Par-MinP-3750-MinTheta-91-MaxTheta-179_cosmuogen,3750,,none,20,5,56,2981855,54376,54376,0.01823563,0.00007749,yes,ok
/CosmicToMu_Par-MinP-37500-MinTheta-91-MaxTheta-179_cosmuogen/RunIII2024Summer24DR-140X_mcRun3_2024cosmics_realistic_deco_v14-v2/GEN-SIM-RECO,CosmicToMu_Par-MinP-37500-MinTheta-91-MaxTheta-179_cosmuogen,37500,,none,36,5,35,2637705,35899,35899,0.01360994,0.00007134,yes,ok
/CosmicToMu_Par-MinP-4000-MinTheta-91-MaxTheta-179-SurfaceDepth-e2_cosmuogen/RunIII2024Summer24DR-140X_mcRun3_2024cosmics_realistic_deco_v14-v1/GEN-SIM-RECO,CosmicToMu_Par-MinP-4000-MinTheta-91-MaxTheta-179-SurfaceDepth-e2_cosmuogen,4000,,e2,23,5,56,4203435,56665,56665,0.01348064,0.00005625,yes,ok
/CosmicToMu_Par-MinP-4000-MinTheta-91-MaxTheta-179-SurfaceDepth-e3_cosmuogen/RunIII2024Summer24DR-140X_mcRun3_2024cosmics_realistic_deco_v14-v1/GEN-SIM-RECO,CosmicToMu_Par-MinP-4000-MinTheta-91-MaxTheta-179-SurfaceDepth-e3_cosmuogen,4000,,e3,24,5,55,4146395,56167,56167,0.01354598,0.00005677,yes,ok
/CosmicToMu_Par-MinP-4000-MinTheta-91-MaxTheta-179-SurfaceDepth-e4_cosmuogen/RunIII2024Summer24DR-140X_mcRun3_2024cosmics_realistic_deco_v14-v1/GEN-SIM-RECO,CosmicToMu_Par-MinP-4000-MinTheta-91-MaxTheta-179-SurfaceDepth-e4_cosmuogen,4000,,e4,24,5,50,3776400,50634,50634,0.01340801,0.00005919,yes,ok
/CosmicToMu_Par-MinP-4000-MinTheta-91-MaxTheta-179-SurfaceDepth-e5_cosmuogen/RunIII2024Summer24DR-140X_mcRun3_2024cosmics_realistic_deco_v14-v2/GEN-SIM-RECO,CosmicToMu_Par-MinP-4000-MinTheta-91-MaxTheta-179-SurfaceDepth-e5_cosmuogen,4000,,e5,23,5,55,4084135,54288,54288,0.01329241,0.00005667,yes,ok
/CosmicToMu_Par-MinP-4000-MinTheta-91-MaxTheta-179-SurfaceDepth-e6_cosmuogen/RunIII2024Summer24DR-140X_mcRun3_2024cosmics_realistic_deco_v14-v1/GEN-SIM-RECO,CosmicToMu_Par-MinP-4000-MinTheta-91-MaxTheta-179-SurfaceDepth-e6_cosmuogen,4000,,e6,41,5,224,1786400,24150,24150,0.01351881,0.00008640,yes,ok
/CosmicToMu_Par-MinP-4000-MinTheta-91-MaxTheta-179_cosmuogen/RunIII2024Summer24DR-140X_mcRun3_2024cosmics_realistic_deco_v14-v2/GEN-SIM-RECO,CosmicToMu_Par-MinP-4000-MinTheta-91-MaxTheta-179_cosmuogen,4000,,none,24,5,47,2570148,47022,47022,0.01829544,0.00008360,yes,ok
/CosmicToMu_Par-MinP-40000-MinTheta-91-MaxTheta-179-SurfaceDepth-e2_cosmuogen/RunIII2024Summer24DR-140X_mcRun3_2024cosmics_realistic_deco_v14-v1/GEN-SIM-RECO,CosmicToMu_Par-MinP-40000-MinTheta-91-MaxTheta-179-SurfaceDepth-e2_cosmuogen,40000,,e2,46,3,87,739761,9850,9850,0.01331511,0.00013326,yes,ok (2 file(s) failed)
/CosmicToMu_Par-MinP-40000-MinTheta-91-MaxTheta-179-SurfaceDepth-e3_cosmuogen/RunIII2024Summer24DR-140X_mcRun3_2024cosmics_realistic_deco_v14-v2/GEN-SIM-RECO,CosmicToMu_Par-MinP-40000-MinTheta-91-MaxTheta-179-SurfaceDepth-e3_cosmuogen,40000,,e3,51,5,25,1871525,25531,25531,0.01364182,0.00008479,yes,ok
/CosmicToMu_Par-MinP-40000-MinTheta-91-MaxTheta-179-SurfaceDepth-e4_cosmuogen/RunIII2024Summer24DR-140X_mcRun3_2024cosmics_realistic_deco_v14-v2/GEN-SIM-RECO,CosmicToMu_Par-MinP-40000-MinTheta-91-MaxTheta-179-SurfaceDepth-e4_cosmuogen,40000,,e4,42,5,30,2208120,29313,29313,0.01327509,0.00007702,yes,ok
/CosmicToMu_Par-MinP-40000-MinTheta-91-MaxTheta-179-SurfaceDepth-e5_cosmuogen/RunIII2024Summer24DR-140X_mcRun3_2024cosmics_realistic_deco_v14-v3/GEN-SIM-RECO,CosmicToMu_Par-MinP-40000-MinTheta-91-MaxTheta-179-SurfaceDepth-e5_cosmuogen,40000,,e5,35,5,35,2670115,35441,35441,0.01327321,0.00007004,yes,ok
/CosmicToMu_Par-MinP-40000-MinTheta-91-MaxTheta-179-SurfaceDepth-e6_cosmuogen/RunIII2024Summer24DR-140X_mcRun3_2024cosmics_realistic_deco_v14-v1/GEN-SIM-RECO,CosmicToMu_Par-MinP-40000-MinTheta-91-MaxTheta-179-SurfaceDepth-e6_cosmuogen,40000,,e6,40,5,285,2261760,30611,30611,0.01353415,0.00007683,yes,ok
/CosmicToMu_Par-MinP-40000-MinTheta-91-MaxTheta-179_cosmuogen/RunIII2024Summer24DR-140X_mcRun3_2024cosmics_realistic_deco_v14-v2/GEN-SIM-RECO,CosmicToMu_Par-MinP-40000-MinTheta-91-MaxTheta-179_cosmuogen,40000,,none,28,5,44,2979277,40709,40709,0.01366405,0.00006726,yes,ok
/CosmicToMu_Par-MinP-4250-MinTheta-91-MaxTheta-179_cosmuogen/RunIII2024Summer24DR-140X_mcRun3_2024cosmics_realistic_deco_v14-v2/GEN-SIM-RECO,CosmicToMu_Par-MinP-4250-MinTheta-91-MaxTheta-179_cosmuogen,4250,,none,23,5,52,2810912,51774,51774,0.01841893,0.00008020,yes,ok
/CosmicToMu_Par-MinP-42500-MinTheta-91-MaxTheta-179_cosmuogen/RunIII2024Summer24DR-140X_mcRun3_2024cosmics_realistic_deco_v14-v2/GEN-SIM-RECO,CosmicToMu_Par-MinP-42500-MinTheta-91-MaxTheta-179_cosmuogen,42500,,none,31,5,35,2502021,33713,33713,0.01347431,0.00007289,yes,ok
/CosmicToMu_Par-MinP-4500-MinTheta-91-MaxTheta-179-SurfaceDepth-e2_cosmuogen/RunIII2024Summer24DR-140X_mcRun3_2024cosmics_realistic_deco_v14-v1/GEN-SIM-RECO,CosmicToMu_Par-MinP-4500-MinTheta-91-MaxTheta-179-SurfaceDepth-e2_cosmuogen,4500,,e2,23,5,55,4095410,55339,55339,0.01351244,0.00005705,yes,ok
/CosmicToMu_Par-MinP-4500-MinTheta-91-MaxTheta-179-SurfaceDepth-e3_cosmuogen/RunIII2024Summer24DR-140X_mcRun3_2024cosmics_realistic_deco_v14-v1/GEN-SIM-RECO,CosmicToMu_Par-MinP-4500-MinTheta-91-MaxTheta-179-SurfaceDepth-e3_cosmuogen,4500,,e3,23,5,55,4106245,55489,55489,0.01351332,0.00005698,yes,ok
/CosmicToMu_Par-MinP-4500-MinTheta-91-MaxTheta-179-SurfaceDepth-e4_cosmuogen/RunIII2024Summer24DR-140X_mcRun3_2024cosmics_realistic_deco_v14-v1/GEN-SIM-RECO,CosmicToMu_Par-MinP-4500-MinTheta-91-MaxTheta-179-SurfaceDepth-e4_cosmuogen,4500,,e4,23,5,55,4109215,54874,54874,0.01335389,0.00005662,yes,ok
/CosmicToMu_Par-MinP-4500-MinTheta-91-MaxTheta-179-SurfaceDepth-e5_cosmuogen/RunIII2024Summer24DR-140X_mcRun3_2024cosmics_realistic_deco_v14-v2/GEN-SIM-RECO,CosmicToMu_Par-MinP-4500-MinTheta-91-MaxTheta-179-SurfaceDepth-e5_cosmuogen,4500,,e5,23,5,55,3845435,51153,51153,0.01330227,0.00005842,yes,ok
/CosmicToMu_Par-MinP-4500-MinTheta-91-MaxTheta-179-SurfaceDepth-e6_cosmuogen/RunIII2024Summer24DR-140X_mcRun3_2024cosmics_realistic_deco_v14-v1/GEN-SIM-RECO,CosmicToMu_Par-MinP-4500-MinTheta-91-MaxTheta-179-SurfaceDepth-e6_cosmuogen,4500,,e6,38,5,454,3563900,48119,48119,0.01350178,0.00006113,yes,ok
/CosmicToMu_Par-MinP-4500-MinTheta-91-MaxTheta-179_cosmuogen/RunIII2024Summer24DR-140X_mcRun3_2024cosmics_realistic_deco_v14-v2/GEN-SIM-RECO,CosmicToMu_Par-MinP-4500-MinTheta-91-MaxTheta-179_cosmuogen,4500,,none,24,5,55,2906970,53533,53533,0.01841539,0.00007886,yes,ok
/CosmicToMu_Par-MinP-45000-MinTheta-91-MaxTheta-179_cosmuogen/RunIII2024Summer24DR-140X_mcRun3_2024cosmics_realistic_deco_v14-v2/GEN-SIM-RECO,CosmicToMu_Par-MinP-45000-MinTheta-91-MaxTheta-179_cosmuogen,45000,,none,35,5,36,2168640,29158,29158,0.01344529,0.00007821,yes,ok
/CosmicToMu_Par-MinP-4750-MinTheta-91-MaxTheta-179_cosmuogen/RunIII2024Summer24DR-140X_mcRun3_2024cosmics_realistic_deco_v14-v2/GEN-SIM-RECO,CosmicToMu_Par-MinP-4750-MinTheta-91-MaxTheta-179_cosmuogen,4750,,none,23,5,55,2986995,55272,55272,0.01850422,0.00007798,yes,ok
/CosmicToMu_Par-MinP-47500-MinTheta-91-MaxTheta-179_cosmuogen/RunIII2024Summer24DR-140X_mcRun3_2024cosmics_realistic_deco_v14-v2/GEN-SIM-RECO,CosmicToMu_Par-MinP-47500-MinTheta-91-MaxTheta-179_cosmuogen,47500,,none,51,5,25,1526375,20801,20801,0.01362771,0.00009384,yes,ok
/CosmicToMu_Par-MinP-5000-MinTheta-91-MaxTheta-179-SurfaceDepth-e2_cosmuogen/RunIII2024Summer24DR-140X_mcRun3_2024cosmics_realistic_deco_v14-v1/GEN-SIM-RECO,CosmicToMu_Par-MinP-5000-MinTheta-91-MaxTheta-179-SurfaceDepth-e2_cosmuogen,5000,,e2,25,5,45,3506895,47472,47472,0.01353676,0.00006171,yes,ok
/CosmicToMu_Par-MinP-5000-MinTheta-91-MaxTheta-179-SurfaceDepth-e3_cosmuogen/RunIII2024Summer24DR-140X_mcRun3_2024cosmics_realistic_deco_v14-v1/GEN-SIM-RECO,CosmicToMu_Par-MinP-5000-MinTheta-91-MaxTheta-179-SurfaceDepth-e3_cosmuogen,5000,,e3,24,5,55,4232140,57028,57028,0.01347498,0.00005605,yes,ok
/CosmicToMu_Par-MinP-5000-MinTheta-91-MaxTheta-179-SurfaceDepth-e4_cosmuogen/RunIII2024Summer24DR-140X_mcRun3_2024cosmics_realistic_deco_v14-v2/GEN-SIM-RECO,CosmicToMu_Par-MinP-5000-MinTheta-91-MaxTheta-179-SurfaceDepth-e4_cosmuogen,5000,,e4,21,5,60,4487220,59883,59883,0.01334523,0.00005417,yes,ok
/CosmicToMu_Par-MinP-5000-MinTheta-91-MaxTheta-179-SurfaceDepth-e5_cosmuogen/RunIII2024Summer24DR-140X_mcRun3_2024cosmics_realistic_deco_v14-v2/GEN-SIM-RECO,CosmicToMu_Par-MinP-5000-MinTheta-91-MaxTheta-179-SurfaceDepth-e5_cosmuogen,5000,,e5,23,5,55,4049595,53858,53858,0.01329960,0.00005693,yes,ok
/CosmicToMu_Par-MinP-5000-MinTheta-91-MaxTheta-179-SurfaceDepth-e6_cosmuogen/RunIII2024Summer24DR-140X_mcRun3_2024cosmics_realistic_deco_v14-v1/GEN-SIM-RECO,CosmicToMu_Par-MinP-5000-MinTheta-91-MaxTheta-179-SurfaceDepth-e6_cosmuogen,5000,,e6,39,5,320,2118080,28532,28532,0.01347069,0.00007921,yes,ok
/CosmicToMu_Par-MinP-5000-MinTheta-91-MaxTheta-179_cosmuogen/RunIII2024Summer24DR-140X_mcRun3_2024cosmics_realistic_deco_v14-v2/GEN-SIM-RECO,CosmicToMu_Par-MinP-5000-MinTheta-91-MaxTheta-179_cosmuogen,5000,,none,24,5,52,2763248,51379,51379,0.01859370,0.00008126,yes,ok
/CosmicToMu_Par-MinP-50000-MinTheta-91-MaxTheta-179-SurfaceDepth-e2_cosmuogen/RunIII2024Summer24DR-140X_mcRun3_2024cosmics_realistic_deco_v14-v2/GEN-SIM-RECO,CosmicToMu_Par-MinP-50000-MinTheta-91-MaxTheta-179-SurfaceDepth-e2_cosmuogen,50000,,e2,36,5,35,2447550,33163,33163,0.01354947,0.00007390,yes,ok
/CosmicToMu_Par-MinP-50000-MinTheta-91-MaxTheta-179-SurfaceDepth-e3_cosmuogen/RunIII2024Summer24DR-140X_mcRun3_2024cosmics_realistic_deco_v14-v2/GEN-SIM-RECO,CosmicToMu_Par-MinP-50000-MinTheta-91-MaxTheta-179-SurfaceDepth-e3_cosmuogen,50000,,e3,35,5,35,2499980,33745,33745,0.01349811,0.00007298,yes,ok
/CosmicToMu_Par-MinP-50000-MinTheta-91-MaxTheta-179-SurfaceDepth-e4_cosmuogen/RunIII2024Summer24DR-140X_mcRun3_2024cosmics_realistic_deco_v14-v2/GEN-SIM-RECO,CosmicToMu_Par-MinP-50000-MinTheta-91-MaxTheta-179-SurfaceDepth-e4_cosmuogen,50000,,e4,41,5,30,2054790,27569,27569,0.01341694,0.00008026,yes,ok
/CosmicToMu_Par-MinP-50000-MinTheta-91-MaxTheta-179-SurfaceDepth-e5_cosmuogen/RunIII2024Summer24DR-140X_mcRun3_2024cosmics_realistic_deco_v14-v2/GEN-SIM-RECO,CosmicToMu_Par-MinP-50000-MinTheta-91-MaxTheta-179-SurfaceDepth-e5_cosmuogen,50000,,e5,45,5,28,1842092,24569,24569,0.01333755,0.00008452,yes,ok
/CosmicToMu_Par-MinP-50000-MinTheta-91-MaxTheta-179-SurfaceDepth-e6_cosmuogen/RunIII2024Summer24DR-140X_mcRun3_2024cosmics_realistic_deco_v14-v1/GEN-SIM-RECO,CosmicToMu_Par-MinP-50000-MinTheta-91-MaxTheta-179-SurfaceDepth-e6_cosmuogen,50000,,e6,50,5,153,1379295,18448,18448,0.01337495,0.00009781,yes,ok
/CosmicToMu_Par-MinP-50000-MinTheta-91-MaxTheta-179_cosmuogen/RunIII2024Summer24DR-140X_mcRun3_2024cosmics_realistic_deco_v14-v2/GEN-SIM-RECO,CosmicToMu_Par-MinP-50000-MinTheta-91-MaxTheta-179_cosmuogen,50000,,none,51,5,25,1803825,24587,24587,0.01363048,0.00008633,yes,ok
/CosmicToMu_Par-MinP-55000-MinTheta-91-MaxTheta-179_cosmuogen/RunIII2024Summer24DR-140X_mcRun3_2024cosmics_realistic_deco_v14-v2/GEN-SIM-RECO,CosmicToMu_Par-MinP-55000-MinTheta-91-MaxTheta-179_cosmuogen,55000,,none,49,5,21,1617336,21839,21839,0.01350307,0.00009075,yes,ok
/CosmicToMu_Par-MinP-60000-MinTheta-91-MaxTheta-179-SurfaceDepth-e2_cosmuogen/RunIII2024Summer24DR-140X_mcRun3_2024cosmics_realistic_deco_v14-v2/GEN-SIM-RECO,CosmicToMu_Par-MinP-60000-MinTheta-91-MaxTheta-179-SurfaceDepth-e2_cosmuogen,60000,,e2,34,5,35,2716455,36777,36777,0.01353860,0.00007012,yes,ok
/CosmicToMu_Par-MinP-60000-MinTheta-91-MaxTheta-179-SurfaceDepth-e3_cosmuogen/RunIII2024Summer24DR-140X_mcRun3_2024cosmics_realistic_deco_v14-v2/GEN-SIM-RECO,CosmicToMu_Par-MinP-60000-MinTheta-91-MaxTheta-179-SurfaceDepth-e3_cosmuogen,60000,,e3,83,5,49,1170904,16006,16006,0.01366978,0.00010731,yes,ok
/CosmicToMu_Par-MinP-60000-MinTheta-91-MaxTheta-179-SurfaceDepth-e4_cosmuogen/RunIII2024Summer24DR-140X_mcRun3_2024cosmics_realistic_deco_v14-v2/GEN-SIM-RECO,CosmicToMu_Par-MinP-60000-MinTheta-91-MaxTheta-179-SurfaceDepth-e4_cosmuogen,60000,,e4,51,5,25,1931175,25613,25613,0.01326291,0.00008232,yes,ok
/CosmicToMu_Par-MinP-60000-MinTheta-91-MaxTheta-179-SurfaceDepth-e5_cosmuogen/RunIII2024Summer24DR-140X_mcRun3_2024cosmics_realistic_deco_v14-v2/GEN-SIM-RECO,CosmicToMu_Par-MinP-60000-MinTheta-91-MaxTheta-179-SurfaceDepth-e5_cosmuogen,60000,,e5,42,5,30,2265720,30067,30067,0.01327040,0.00007602,yes,ok
/CosmicToMu_Par-MinP-60000-MinTheta-91-MaxTheta-179-SurfaceDepth-e6_cosmuogen/RunIII2024Summer24DR-140X_mcRun3_2024cosmics_realistic_deco_v14-v1/GEN-SIM-RECO,CosmicToMu_Par-MinP-60000-MinTheta-91-MaxTheta-179-SurfaceDepth-e6_cosmuogen,60000,,e6,37,5,371,2944256,39500,39500,0.01341595,0.00006705,yes,ok
/CosmicToMu_Par-MinP-60000-MinTheta-91-MaxTheta-179_cosmuogen/RunIII2024Summer24DR-140X_mcRun3_2024cosmics_realistic_deco_v14-v2/GEN-SIM-RECO,CosmicToMu_Par-MinP-60000-MinTheta-91-MaxTheta-179_cosmuogen,60000,,none,47,5,30,2160870,29284,29284,0.01355195,0.00007865,yes,ok
/CosmicToMu_Par-MinP-65000-MinTheta-91-MaxTheta-179_cosmuogen/RunIII2024Summer24DR-140X_mcRun3_2024cosmics_realistic_deco_v14-v2/GEN-SIM-RECO,CosmicToMu_Par-MinP-65000-MinTheta-91-MaxTheta-179_cosmuogen,65000,,none,58,5,20,1369860,18930,18930,0.01381893,0.00009974,yes,ok
/CosmicToMu_Par-MinP-70000-MinTheta-91-MaxTheta-179-SurfaceDepth-e2_cosmuogen/RunIII2024Summer24DR-140X_mcRun3_2024cosmics_realistic_deco_v14-v2/GEN-SIM-RECO,CosmicToMu_Par-MinP-70000-MinTheta-91-MaxTheta-179-SurfaceDepth-e2_cosmuogen,70000,,e2,48,5,27,1874988,25360,25360,0.01352542,0.00008436,yes,ok
/CosmicToMu_Par-MinP-70000-MinTheta-91-MaxTheta-179-SurfaceDepth-e3_cosmuogen/RunIII2024Summer24DR-140X_mcRun3_2024cosmics_realistic_deco_v14-v2/GEN-SIM-RECO,CosmicToMu_Par-MinP-70000-MinTheta-91-MaxTheta-179-SurfaceDepth-e3_cosmuogen,70000,,e3,13,5,30,2464020,33392,33392,0.01355184,0.00007366,yes,ok
/CosmicToMu_Par-MinP-70000-MinTheta-91-MaxTheta-179-SurfaceDepth-e4_cosmuogen/RunIII2024Summer24DR-140X_mcRun3_2024cosmics_realistic_deco_v14-v2/GEN-SIM-RECO,CosmicToMu_Par-MinP-70000-MinTheta-91-MaxTheta-179-SurfaceDepth-e4_cosmuogen,70000,,e4,61,5,20,1369860,18512,18512,0.01351379,0.00009865,yes,ok
/CosmicToMu_Par-MinP-70000-MinTheta-91-MaxTheta-179-SurfaceDepth-e5_cosmuogen/RunIII2024Summer24DR-140X_mcRun3_2024cosmics_realistic_deco_v14-v2/GEN-SIM-RECO,CosmicToMu_Par-MinP-70000-MinTheta-91-MaxTheta-179-SurfaceDepth-e5_cosmuogen,70000,,e5,35,5,35,2444435,32501,32501,0.01329592,0.00007326,yes,ok
/CosmicToMu_Par-MinP-70000-MinTheta-91-MaxTheta-179-SurfaceDepth-e6_cosmuogen/RunIII2024Summer24DR-140X_mcRun3_2024cosmics_realistic_deco_v14-v1/GEN-SIM-RECO,CosmicToMu_Par-MinP-70000-MinTheta-91-MaxTheta-179-SurfaceDepth-e6_cosmuogen,70000,,e6,36,5,389,3196802,42862,42862,0.01340777,0.00006433,yes,ok
/CosmicToMu_Par-MinP-70000-MinTheta-91-MaxTheta-179_cosmuogen/RunIII2024Summer24DR-140X_mcRun3_2024cosmics_realistic_deco_v14-v2/GEN-SIM-RECO,CosmicToMu_Par-MinP-70000-MinTheta-91-MaxTheta-179_cosmuogen,70000,,none,57,5,21,1499988,20078,20078,0.01338544,0.00009383,yes,ok
/CosmicToMu_Par-MinP-7500-MinTheta-91-MaxTheta-179_cosmuogen/RunIII2024Summer24DR-140X_mcRun3_2024cosmics_realistic_deco_v14-v2/GEN-SIM-RECO,CosmicToMu_Par-MinP-7500-MinTheta-91-MaxTheta-179_cosmuogen,7500,,none,23,5,55,4193035,56455,56455,0.01346399,0.00005628,yes,ok
/CosmicToMu_Par-MinP-75000-MinTheta-91-MaxTheta-179_cosmuogen/RunIII2024Summer24DR-140X_mcRun3_2024cosmics_realistic_deco_v14-v2/GEN-SIM-RECO,CosmicToMu_Par-MinP-75000-MinTheta-91-MaxTheta-179_cosmuogen,75000,,none,53,5,27,1753245,23705,23705,0.01352064,0.00008722,yes,ok
/CosmicToMu_Par-MinP-800-MinTheta-91-MaxTheta-179_cosmuogen/RunIII2024Summer24DR-140X_mcRun3_2024cosmics_realistic_deco_v14-v3/GEN-SIM-RECO,CosmicToMu_Par-MinP-800-MinTheta-91-MaxTheta-179_cosmuogen,800,,none,24,5,52,3232892,51592,51592,0.01595847,0.00006970,yes,ok
/CosmicToMu_Par-MinP-80000-MinTheta-91-MaxTheta-179-SurfaceDepth-e2_cosmuogen/RunIII2024Summer24DR-140X_mcRun3_2024cosmics_realistic_deco_v14-v1/GEN-SIM-RECO,CosmicToMu_Par-MinP-80000-MinTheta-91-MaxTheta-179-SurfaceDepth-e2_cosmuogen,80000,,e2,56,5,303,2330676,31465,31465,0.01350037,0.00007559,yes,ok
/CosmicToMu_Par-MinP-80000-MinTheta-91-MaxTheta-179-SurfaceDepth-e3_cosmuogen/RunIII2024Summer24DR-140X_mcRun3_2024cosmics_realistic_deco_v14-v2/GEN-SIM-RECO,CosmicToMu_Par-MinP-80000-MinTheta-91-MaxTheta-179-SurfaceDepth-e3_cosmuogen,80000,,e3,43,5,27,1607121,21782,21782,0.01355343,0.00009121,yes,ok
/CosmicToMu_Par-MinP-80000-MinTheta-91-MaxTheta-179-SurfaceDepth-e4_cosmuogen/RunIII2024Summer24DR-140X_mcRun3_2024cosmics_realistic_deco_v14-v1/GEN-SIM-RECO,CosmicToMu_Par-MinP-80000-MinTheta-91-MaxTheta-179-SurfaceDepth-e4_cosmuogen,80000,,e4,30,5,219,1335243,17891,17891,0.01339906,0.00009950,yes,ok
/CosmicToMu_Par-MinP-80000-MinTheta-91-MaxTheta-179-SurfaceDepth-e5_cosmuogen/RunIII2024Summer24DR-140X_mcRun3_2024cosmics_realistic_deco_v14-v1/GEN-SIM-RECO,CosmicToMu_Par-MinP-80000-MinTheta-91-MaxTheta-179-SurfaceDepth-e5_cosmuogen,80000,,e5,53,5,291,2108586,28126,28126,0.01333880,0.00007900,yes,ok
/CosmicToMu_Par-MinP-80000-MinTheta-91-MaxTheta-179-SurfaceDepth-e6_cosmuogen/RunIII2024Summer24DR-140X_mcRun3_2024cosmics_realistic_deco_v14-v1/GEN-SIM-RECO,CosmicToMu_Par-MinP-80000-MinTheta-91-MaxTheta-179-SurfaceDepth-e6_cosmuogen,80000,,e6,32,5,433,3006752,40573,40573,0.01349396,0.00006654,yes,ok
/CosmicToMu_Par-MinP-80000-MinTheta-91-MaxTheta-179_cosmuogen/RunIII2024Summer24DR-140X_mcRun3_2024cosmics_realistic_deco_v14-v3/GEN-SIM-RECO,CosmicToMu_Par-MinP-80000-MinTheta-91-MaxTheta-179_cosmuogen,80000,,none,50,5,18,1168830,15822,15822,0.01353661,0.00010689,yes,ok
/CosmicToMu_Par-MinP-85000-MinTheta-91-MaxTheta-179_cosmuogen/RunIII2024Summer24DR-140X_mcRun3_2024cosmics_realistic_deco_v14-v2/GEN-SIM-RECO,CosmicToMu_Par-MinP-85000-MinTheta-91-MaxTheta-179_cosmuogen,85000,,none,71,5,16,909088,12256,12256,0.01348164,0.00012095,yes,ok
/CosmicToMu_Par-MinP-900-MinTheta-91-MaxTheta-179_cosmuogen/RunIII2024Summer24DR-140X_mcRun3_2024cosmics_realistic_deco_v14-v2/GEN-SIM-RECO,CosmicToMu_Par-MinP-900-MinTheta-91-MaxTheta-179_cosmuogen,900,,none,23,5,55,3336080,54355,54355,0.01629307,0.00006931,yes,ok
/CosmicToMu_Par-MinP-90000-MinTheta-91-MaxTheta-179-SurfaceDepth-e2_cosmuogen/RunIII2024Summer24DR-140X_mcRun3_2024cosmics_realistic_deco_v14-v3/GEN-SIM-RECO,CosmicToMu_Par-MinP-90000-MinTheta-91-MaxTheta-179-SurfaceDepth-e2_cosmuogen,90000,,e2,27,5,20,1333320,17977,17977,0.01348288,0.00009988,yes,ok
/CosmicToMu_Par-MinP-90000-MinTheta-91-MaxTheta-179-SurfaceDepth-e3_cosmuogen/RunIII2024Summer24DR-140X_mcRun3_2024cosmics_realistic_deco_v14-v2/GEN-SIM-RECO,CosmicToMu_Par-MinP-90000-MinTheta-91-MaxTheta-179-SurfaceDepth-e3_cosmuogen,90000,,e3,7,5,29,2015855,27270,27270,0.01352776,0.00008136,yes,ok
/CosmicToMu_Par-MinP-90000-MinTheta-91-MaxTheta-179-SurfaceDepth-e4_cosmuogen/RunIII2024Summer24DR-140X_mcRun3_2024cosmics_realistic_deco_v14-v2/GEN-SIM-RECO,CosmicToMu_Par-MinP-90000-MinTheta-91-MaxTheta-179-SurfaceDepth-e4_cosmuogen,90000,,e4,51,5,20,1400500,18828,18828,0.01344377,0.00009732,yes,ok
/CosmicToMu_Par-MinP-90000-MinTheta-91-MaxTheta-179-SurfaceDepth-e5_cosmuogen/RunIII2024Summer24DR-140X_mcRun3_2024cosmics_realistic_deco_v14-v2/GEN-SIM-RECO,CosmicToMu_Par-MinP-90000-MinTheta-91-MaxTheta-179-SurfaceDepth-e5_cosmuogen,90000,,e5,69,5,16,1200944,16109,16109,0.01341361,0.00010497,yes,ok
/CosmicToMu_Par-MinP-90000-MinTheta-91-MaxTheta-179-SurfaceDepth-e6_cosmuogen/RunIII2024Summer24DR-140X_mcRun3_2024cosmics_realistic_deco_v14-v2/GEN-SIM-RECO,CosmicToMu_Par-MinP-90000-MinTheta-91-MaxTheta-179-SurfaceDepth-e6_cosmuogen,90000,,e6,34,5,319,2380378,32125,32125,0.01349576,0.00007479,yes,ok
/CosmicToMu_Par-MinP-90000-MinTheta-91-MaxTheta-179_cosmuogen/RunIII2024Summer24DR-140X_mcRun3_2024cosmics_realistic_deco_v14-v3/GEN-SIM-RECO,CosmicToMu_Par-MinP-90000-MinTheta-91-MaxTheta-179_cosmuogen,90000,,none,12,5,20,1315780,17819,17819,0.01354254,0.00010076,yes,ok
