,name,constraint,owner
0,CMS_EXO26004_Background_fail_LOW_bin_1_1,flatParam,CMS_EXO26004_Background_fail
1,CMS_EXO26004_Background_fail_LOW_bin_2_1,flatParam,CMS_EXO26004_Background_fail
2,CMS_EXO26004_Background_fail_LOW_bin_3_1,flatParam,CMS_EXO26004_Background_fail
3,CMS_EXO26004_Background_fail_LOW_bin_4_1,flatParam,CMS_EXO26004_Background_fail
4,CMS_EXO26004_Background_fail_SIG_bin_1_1,flatParam,CMS_EXO26004_Background_fail
5,CMS_EXO26004_Background_fail_SIG_bin_2_1,flatParam,CMS_EXO26004_Background_fail
6,CMS_EXO26004_Background_fail_SIG_bin_3_1,flatParam,CMS_EXO26004_Background_fail
7,CMS_EXO26004_Background_fail_HIGH_bin_1_1,flatParam,CMS_EXO26004_Background_fail
8,CMS_EXO26004_Background_fail_HIGH_bin_2_1,flatParam,CMS_EXO26004_Background_fail
9,CMS_EXO26004_Background_fail_HIGH_bin_3_1,flatParam,CMS_EXO26004_Background_fail
10,CMS_EXO26004_Background_fail_HIGH_bin_4_1,flatParam,CMS_EXO26004_Background_fail
11,CMS_EXO26004_Background_fail_HIGH_bin_5_1,flatParam,CMS_EXO26004_Background_fail
12,CMS_EXO26004_Background_fail_HIGH_bin_6_1,flatParam,CMS_EXO26004_Background_fail
13,CMS_EXO26004_Background_fail_HIGH_bin_7_1,flatParam,CMS_EXO26004_Background_fail
14,CMS_EXO26004_Background_fail_LOW_bin_1_1,flatParam,CMS_EXO26004_Background_0x0_pass
15,CMS_EXO26004_Background_fail_LOW_bin_2_1,flatParam,CMS_EXO26004_Background_0x0_pass
16,CMS_EXO26004_Background_fail_LOW_bin_3_1,flatParam,CMS_EXO26004_Background_0x0_pass
17,CMS_EXO26004_Background_fail_LOW_bin_4_1,flatParam,CMS_EXO26004_Background_0x0_pass
18,CMS_EXO26004_Background_fail_SIG_bin_1_1,flatParam,CMS_EXO26004_Background_0x0_pass
19,CMS_EXO26004_Background_fail_SIG_bin_2_1,flatParam,CMS_EXO26004_Background_0x0_pass
20,CMS_EXO26004_Background_fail_SIG_bin_3_1,flatParam,CMS_EXO26004_Background_0x0_pass
21,CMS_EXO26004_Background_fail_HIGH_bin_1_1,flatParam,CMS_EXO26004_Background_0x0_pass
22,CMS_EXO26004_Background_fail_HIGH_bin_2_1,flatParam,CMS_EXO26004_Background_0x0_pass
23,CMS_EXO26004_Background_fail_HIGH_bin_3_1,flatParam,CMS_EXO26004_Background_0x0_pass
24,CMS_EXO26004_Background_fail_HIGH_bin_4_1,flatParam,CMS_EXO26004_Background_0x0_pass
25,CMS_EXO26004_Background_fail_HIGH_bin_5_1,flatParam,CMS_EXO26004_Background_0x0_pass
26,CMS_EXO26004_Background_fail_HIGH_bin_6_1,flatParam,CMS_EXO26004_Background_0x0_pass
27,CMS_EXO26004_Background_fail_HIGH_bin_7_1,flatParam,CMS_EXO26004_Background_0x0_pass
28,CMS_EXO26004_Background_rpf_0x0_par0,flatParam,CMS_EXO26004_Background_0x0_pass
